User_ID,Item1_ID,Item2_ID, Is Control
1,9,3,0
1,7,9,0
1,9,1,0
1,9,10,1
1,7,5,0
1,8,4,0
1,5,10,0
1,7,6,0
1,2,10,0
1,9,10,0
1,5,3,0
1,8,2,0
1,7,4,0
1,7,3,0
1,7,8,0
1,10,4,0
1,3,4,1
1,2,5,0
1,7,1,0
1,6,10,1
1,7,10,0
1,8,1,0
1,2,9,0
1,6,4,0
1,9,4,0
1,6,1,0
1,8,10,0
1,3,10,0
1,6,10,0
1,8,3,0
1,1,5,0
1,9,6,0
1,8,6,0
1,9,5,0
1,6,4,1
1,6,5,0
1,7,2,0
1,3,4,0
1,3,1,0
1,2,1,0
1,2,6,0
1,2,4,0
1,8,5,0
1,1,9,1
1,2,3,0
1,5,4,0
1,6,3,0
1,8,9,0
1,1,4,0
1,1,10,0
2,3,9,0
2,7,9,0
2,1,9,0
2,10,9,1
2,5,7,0
2,4,8,0
2,10,5,0
2,6,7,0
2,10,2,0
2,10,9,0
2,5,3,0
2,2,8,0
2,4,7,0
2,3,7,0
2,8,7,0
2,10,4,0
2,4,3,1
2,5,2,0
2,7,1,0
2,6,10,1
2,10,7,0
2,8,1,0
2,2,9,0
2,6,4,0
2,4,9,0
2,6,1,0
2,10,8,0
2,10,3,0
2,10,6,0
2,8,3,0
2,5,1,0
2,6,9,0
2,6,8,0
2,5,9,0
2,6,4,1
2,6,5,0
2,2,7,0
2,4,3,0
2,1,3,0
2,1,2,0
2,6,2,0
2,2,4,0
2,5,8,0
2,1,9,1
2,2,3,0
2,5,4,0
2,6,3,0
2,8,9,0
2,4,1,0
2,10,1,0
3,9,3,0
3,9,7,0
3,9,1,0
3,10,9,1
3,5,7,0
3,4,8,0
3,10,5,0
3,6,7,0
3,10,2,0
3,10,9,0
3,5,3,0
3,8,2,0
3,4,7,0
3,3,7,0
3,8,7,0
3,10,4,0
3,4,3,1
3,5,2,0
3,1,7,0
3,10,6,1
3,10,7,0
3,1,8,0
3,9,2,0
3,4,6,0
3,9,4,0
3,1,6,0
3,10,8,0
3,10,3,0
3,10,6,0
3,3,8,0
3,5,1,0
3,9,6,0
3,6,8,0
3,5,9,0
3,4,6,1
3,5,6,0
3,2,7,0
3,4,3,0
3,1,3,0
3,1,2,0
3,6,2,0
3,4,2,0
3,5,8,0
3,1,9,1
3,3,2,0
3,5,4,0
3,3,6,0
3,9,8,0
3,1,4,0
3,10,1,0
4,9,3,0
4,7,9,0
4,9,1,0
4,10,9,1
4,7,5,0
4,8,4,0
4,10,5,0
4,6,7,0
4,10,2,0
4,10,9,0
4,5,3,0
4,8,2,0
4,7,4,0
4,7,3,0
4,8,7,0
4,10,4,0
4,3,4,1
4,2,5,0
4,7,1,0
4,6,10,1
4,7,10,0
4,8,1,0
4,2,9,0
4,6,4,0
4,9,4,0
4,6,1,0
4,8,10,0
4,10,3,0
4,6,10,0
4,8,3,0
4,5,1,0
4,6,9,0
4,8,6,0
4,9,5,0
4,6,4,1
4,6,5,0
4,7,2,0
4,3,4,0
4,1,3,0
4,2,1,0
4,6,2,0
4,2,4,0
4,8,5,0
4,9,1,1
4,2,3,0
4,5,4,0
4,6,3,0
4,8,9,0
4,1,4,0
4,10,1,0
5,9,3,0
5,7,9,0
5,9,1,0
5,9,10,1
5,7,5,0
5,4,8,0
5,10,5,0
5,7,6,0
5,2,10,0
5,10,9,0
5,3,5,0
5,2,8,0
5,7,4,0
5,7,3,0
5,7,8,0
5,4,10,0
5,3,4,1
5,2,5,0
5,7,1,0
5,10,6,1
5,10,7,0
5,8,1,0
5,2,9,0
5,6,4,0
5,9,4,0
5,6,1,0
5,10,8,0
5,10,3,0
5,10,6,0
5,3,8,0
5,1,5,0
5,6,9,0
5,6,8,0
5,5,9,0
5,4,6,1
5,5,6,0
5,2,7,0
5,4,3,0
5,3,1,0
5,1,2,0
5,2,6,0
5,4,2,0
5,8,5,0
5,9,1,1
5,3,2,0
5,4,5,0
5,6,3,0
5,9,8,0
5,4,1,0
5,10,1,0
6,9,3,0
6,7,9,0
6,9,1,0
6,10,9,1
6,7,5,0
6,8,4,0
6,5,10,0
6,7,6,0
6,2,10,0
6,9,10,0
6,3,5,0
6,2,8,0
6,7,4,0
6,7,3,0
6,7,8,0
6,4,10,0
6,3,4,1
6,2,5,0
6,7,1,0
6,6,10,1
6,7,10,0
6,8,1,0
6,2,9,0
6,6,4,0
6,9,4,0
6,6,1,0
6,8,10,0
6,10,3,0
6,6,10,0
6,8,3,0
6,1,5,0
6,6,9,0
6,8,6,0
6,9,5,0
6,6,4,1
6,5,6,0
6,7,2,0
6,3,4,0
6,1,3,0
6,2,1,0
6,2,6,0
6,2,4,0
6,8,5,0
6,9,1,1
6,2,3,0
6,5,4,0
6,6,3,0
6,8,9,0
6,4,1,0
6,10,1,0
7,9,3,0
7,7,9,0
7,9,1,0
7,10,9,1
7,7,5,0
7,8,4,0
7,10,5,0
7,6,7,0
7,10,2,0
7,10,9,0
7,5,3,0
7,8,2,0
7,7,4,0
7,7,3,0
7,8,7,0
7,10,4,0
7,3,4,1
7,2,5,0
7,7,1,0
7,6,10,1
7,10,7,0
7,8,1,0
7,2,9,0
7,6,4,0
7,9,4,0
7,6,1,0
7,8,10,0
7,10,3,0
7,6,10,0
7,8,3,0
7,1,5,0
7,6,9,0
7,8,6,0
7,9,5,0
7,6,4,1
7,6,5,0
7,7,2,0
7,3,4,0
7,1,3,0
7,2,1,0
7,6,2,0
7,2,4,0
7,8,5,0
7,9,1,1
7,2,3,0
7,5,4,0
7,6,3,0
7,8,9,0
7,1,4,0
7,10,1,0
8,9,3,0
8,9,7,0
8,9,1,0
8,9,10,1
8,7,5,0
8,4,8,0
8,5,10,0
8,7,6,0
8,2,10,0
8,9,10,0
8,3,5,0
8,2,8,0
8,7,4,0
8,7,3,0
8,7,8,0
8,4,10,0
8,3,4,1
8,2,5,0
8,7,1,0
8,6,10,1
8,7,10,0
8,8,1,0
8,9,2,0
8,4,6,0
8,9,4,0
8,6,1,0
8,10,8,0
8,3,10,0
8,10,6,0
8,3,8,0
8,1,5,0
8,9,6,0
8,6,8,0
8,9,5,0
8,4,6,1
8,6,5,0
8,2,7,0
8,3,4,0
8,3,1,0
8,2,1,0
8,2,6,0
8,2,4,0
8,8,5,0
8,9,1,1
8,2,3,0
8,4,5,0
8,3,6,0
8,9,8,0
8,4,1,0
8,10,1,0
9,3,9,0
9,7,9,0
9,1,9,0
9,9,10,1
9,7,5,0
9,8,4,0
9,5,10,0
9,2,10,0
9,10,9,0
9,5,3,0
9,8,2,0
9,7,4,0
9,7,3,0
9,8,7,0
9,4,10,0
9,3,4,1
9,2,5,0
9,7,1,0
9,6,10,1
9,7,10,0
9,8,1,0
9,2,9,0
9,6,4,0
9,4,9,0
9,6,1,0
9,8,10,0
9,10,3,0
9,6,10,0
9,8,3,0
9,1,5,0
9,6,9,0
9,8,6,0
9,5,9,0
9,4,6,1
9,5,6,0
9,7,2,0
9,3,4,0
9,3,1,0
9,1,2,0
9,2,6,0
9,2,4,0
9,8,5,0
9,1,9,1
9,2,3,0
9,5,4,0
9,6,3,0
9,8,9,0
9,1,4,0
9,1,10,0
10,3,9,0
10,9,7,0
10,9,1,0
10,9,10,1
10,5,7,0
10,4,8,0
10,5,10,0
10,7,6,0
10,10,2,0
10,9,10,0
10,3,5,0
10,2,8,0
10,4,7,0
10,3,7,0
10,7,8,0
10,4,10,0
10,4,3,1
10,5,2,0
10,1,7,0
10,10,6,1
10,10,7,0
10,1,8,0
10,9,2,0
10,4,6,0
10,4,9,0
10,1,6,0
10,10,8,0
10,3,10,0
10,10,6,0
10,3,8,0
10,5,1,0
10,9,6,0
10,6,8,0
10,5,9,0
10,4,6,1
10,6,5,0
10,7,2,0
10,4,3,0
10,1,3,0
10,1,2,0
10,2,6,0
10,4,2,0
10,5,8,0
10,1,9,1
10,3,2,0
10,4,5,0
10,3,6,0
10,9,8,0
10,4,1,0
10,1,10,0
11,9,3,0
11,9,7,0
11,9,1,0
11,9,10,1
11,5,7,0
11,4,8,0
11,10,5,0
11,7,6,0
11,10,2,0
11,9,10,0
11,3,5,0
11,2,8,0
11,4,7,0
11,3,7,0
11,7,8,0
11,10,4,0
11,4,3,1
11,5,2,0
11,1,7,0
11,10,6,1
11,10,7,0
11,1,8,0
11,9,2,0
11,4,6,0
11,9,4,0
11,1,6,0
11,10,8,0
11,10,3,0
11,10,6,0
11,3,8,0
11,5,1,0
11,9,6,0
11,6,8,0
11,9,5,0
11,4,6,1
11,5,6,0
11,2,7,0
11,4,3,0
11,3,1,0
11,2,1,0
11,2,6,0
11,4,2,0
11,5,8,0
11,9,1,1
11,3,2,0
11,4,5,0
11,3,6,0
11,9,8,0
11,4,1,0
11,10,1,0
12,3,9,0
12,7,9,0
12,9,1,0
12,10,9,1
12,5,7,0
12,4,8,0
12,5,10,0
12,6,7,0
12,10,2,0
12,10,9,0
12,3,5,0
12,2,8,0
12,7,4,0
12,3,7,0
12,8,7,0
12,10,4,0
12,3,4,1
12,5,2,0
12,1,7,0
12,6,10,1
12,7,10,0
12,8,1,0
12,9,2,0
12,4,6,0
12,4,9,0
12,1,6,0
12,8,10,0
12,10,3,0
12,6,10,0
12,8,3,0
12,1,5,0
12,9,6,0
12,6,8,0
12,5,9,0
12,6,4,1
12,5,6,0
12,2,7,0
12,4,3,0
12,1,3,0
12,2,1,0
12,2,6,0
12,4,2,0
12,5,8,0
12,9,1,1
12,3,2,0
12,5,4,0
12,6,3,0
12,9,8,0
12,4,1,0
12,1,10,0
13,9,3,0
13,7,9,0
13,9,1,0
13,10,9,1
13,5,7,0
13,8,4,0
13,10,5,0
13,6,7,0
13,10,2,0
13,10,9,0
13,5,3,0
13,8,2,0
13,7,4,0
13,7,3,0
13,8,7,0
13,10,4,0
13,3,4,1
13,2,5,0
13,7,1,0
13,6,10,1
13,10,7,0
13,8,1,0
13,2,9,0
13,6,4,0
13,9,4,0
13,6,1,0
13,8,10,0
13,10,3,0
13,6,10,0
13,8,3,0
13,1,5,0
13,6,9,0
13,8,6,0
13,9,5,0
13,6,4,1
13,6,5,0
13,7,2,0
13,3,4,0
13,1,3,0
13,1,2,0
13,6,2,0
13,2,4,0
13,8,5,0
13,9,1,1
13,2,3,0
13,5,4,0
13,6,3,0
13,8,9,0
13,1,4,0
13,10,1,0
14,3,9,0
14,7,9,0
14,1,9,0
14,10,9,1
14,5,7,0
14,8,4,0
14,10,5,0
14,6,7,0
14,10,2,0
14,10,9,0
14,5,3,0
14,8,2,0
14,7,4,0
14,7,3,0
14,8,7,0
14,10,4,0
14,4,3,1
14,5,2,0
14,1,7,0
14,6,10,1
14,10,7,0
14,8,1,0
14,6,4,0
14,4,9,0
14,6,1,0
14,8,10,0
14,10,3,0
14,6,10,0
14,8,3,0
14,5,1,0
14,6,9,0
14,6,8,0
14,5,9,0
14,6,4,1
14,2,7,0
14,4,3,0
14,1,3,0
14,1,2,0
14,6,2,0
14,2,4,0
14,8,5,0
14,1,9,1
14,3,2,0
14,5,4,0
14,6,3,0
14,8,9,0
14,1,4,0
14,10,1,0
15,9,3,0
15,7,9,0
15,9,1,0
15,9,10,1
15,7,5,0
15,8,4,0
15,10,5,0
15,7,6,0
15,2,10,0
15,9,10,0
15,3,5,0
15,2,8,0
15,7,4,0
15,7,3,0
15,7,8,0
15,10,4,0
15,3,4,1
15,2,5,0
15,7,1,0
15,6,10,1
15,7,10,0
15,8,1,0
15,2,9,0
15,6,4,0
15,9,4,0
15,6,1,0
15,8,10,0
15,10,3,0
15,6,10,0
15,8,3,0
15,5,1,0
15,9,6,0
15,6,8,0
15,9,5,0
15,6,4,1
15,6,5,0
15,2,7,0
15,3,4,0
15,3,1,0
15,2,1,0
15,2,6,0
15,2,4,0
15,8,5,0
15,9,1,1
15,2,3,0
15,4,5,0
15,6,3,0
15,9,8,0
15,4,1,0
15,10,1,0
16,9,3,0
16,9,7,0
16,9,1,0
16,9,10,1
16,7,5,0
16,8,4,0
16,10,5,0
16,7,6,0
16,2,10,0
16,9,10,0
16,3,5,0
16,2,8,0
16,7,4,0
16,7,3,0
16,7,8,0
16,10,4,0
16,4,3,1
16,2,5,0
16,7,1,0
16,10,6,1
16,10,7,0
16,8,1,0
16,9,2,0
16,6,4,0
16,9,4,0
16,6,1,0
16,10,8,0
16,10,3,0
16,10,6,0
16,8,3,0
16,5,1,0
16,9,6,0
16,6,8,0
16,9,5,0
16,6,4,1
16,6,5,0
16,2,7,0
16,3,4,0
16,3,1,0
16,1,2,0
16,2,6,0
16,2,4,0
16,8,5,0
16,9,1,1
16,3,2,0
16,4,5,0
16,6,3,0
16,9,8,0
16,4,1,0
16,10,1,0
17,9,3,0
17,7,9,0
17,9,1,0
17,9,10,1
17,7,5,0
17,8,4,0
17,10,5,0
17,6,7,0
17,2,10,0
17,9,10,0
17,5,3,0
17,8,2,0
17,7,4,0
17,7,3,0
17,8,7,0
17,10,4,0
17,3,4,1
17,2,5,0
17,7,1,0
17,6,10,1
17,7,10,0
17,8,1,0
17,2,9,0
17,6,4,0
17,9,4,0
17,6,1,0
17,8,10,0
17,10,3,0
17,6,10,0
17,8,3,0
17,1,5,0
17,6,9,0
17,8,6,0
17,9,5,0
17,6,4,1
17,6,5,0
17,7,2,0
17,3,4,0
17,1,3,0
17,2,1,0
17,6,2,0
17,2,4,0
17,8,5,0
17,9,1,1
17,2,3,0
17,5,4,0
17,6,3,0
17,8,9,0
17,1,4,0
17,10,1,0
18,9,3,0
18,7,9,0
18,1,9,0
18,9,10,1
18,7,5,0
18,8,4,0
18,5,10,0
18,6,7,0
18,2,10,0
18,10,9,0
18,5,3,0
18,8,2,0
18,7,4,0
18,7,3,0
18,8,7,0
18,10,4,0
18,3,4,1
18,2,5,0
18,7,1,0
18,6,10,1
18,10,7,0
18,8,1,0
18,2,9,0
18,6,4,0
18,9,4,0
18,6,1,0
18,8,10,0
18,10,3,0
18,6,10,0
18,8,3,0
18,1,5,0
18,6,9,0
18,8,6,0
18,5,9,0
18,6,4,1
18,6,5,0
18,7,2,0
18,3,4,0
18,1,3,0
18,1,2,0
18,6,2,0
18,2,4,0
18,8,5,0
18,1,9,1
18,2,3,0
18,5,4,0
18,6,3,0
18,8,9,0
18,1,4,0
18,1,10,0
19,9,3,0
19,7,9,0
19,9,1,0
19,10,9,1
19,7,5,0
19,8,4,0
19,10,5,0
19,6,7,0
19,10,2,0
19,10,9,0
19,5,3,0
19,8,2,0
19,7,4,0
19,7,3,0
19,8,7,0
19,10,4,0
19,3,4,1
19,2,5,0
19,7,1,0
19,6,10,1
19,10,7,0
19,8,1,0
19,2,9,0
19,6,4,0
19,9,4,0
19,6,1,0
19,8,10,0
19,10,3,0
19,6,10,0
19,8,3,0
19,1,5,0
19,6,9,0
19,6,8,0
19,9,5,0
19,6,4,1
19,6,5,0
19,2,7,0
19,3,4,0
19,1,3,0
19,2,1,0
19,6,2,0
19,2,4,0
19,8,5,0
19,9,1,1
19,2,3,0
19,5,4,0
19,6,3,0
19,8,9,0
19,1,4,0
19,10,1,0
20,9,3,0
20,9,7,0
20,9,1,0
20,9,10,1
20,7,5,0
20,8,4,0
20,10,5,0
20,7,6,0
20,2,10,0
20,9,10,0
20,3,5,0
20,2,8,0
20,4,7,0
20,7,3,0
20,7,8,0
20,4,10,0
20,4,3,1
20,2,5,0
20,7,1,0
20,10,6,1
20,10,7,0
20,8,1,0
20,9,2,0
20,4,6,0
20,9,4,0
20,6,1,0
20,10,8,0
20,10,3,0
20,10,6,0
20,3,8,0
20,5,1,0
20,9,6,0
20,6,8,0
20,9,5,0
20,4,6,1
20,6,5,0
20,2,7,0
20,4,3,0
20,3,1,0
20,2,1,0
20,2,6,0
20,2,4,0
20,8,5,0
20,9,1,1
20,2,3,0
20,4,5,0
20,6,3,0
20,9,8,0
20,4,1,0
20,10,1,0
21,9,3,0
21,9,7,0
21,9,1,0
21,10,9,1
21,5,7,0
21,4,8,0
21,10,5,0
21,7,6,0
21,10,2,0
21,9,10,0
21,3,5,0
21,2,8,0
21,4,7,0
21,3,7,0
21,7,8,0
21,10,4,0
21,3,4,1
21,5,2,0
21,1,7,0
21,10,6,1
21,10,7,0
21,1,8,0
21,9,2,0
21,4,6,0
21,9,4,0
21,1,6,0
21,10,8,0
21,10,3,0
21,10,6,0
21,3,8,0
21,5,1,0
21,9,6,0
21,6,8,0
21,9,5,0
21,4,6,1
21,5,6,0
21,2,7,0
21,3,4,0
21,3,1,0
21,1,2,0
21,2,6,0
21,4,2,0
21,5,8,0
21,9,1,1
21,3,2,0
21,4,5,0
21,3,6,0
21,9,8,0
21,4,1,0
21,10,1,0
22,9,3,0
22,7,9,0
22,1,9,0
22,9,10,1
22,7,5,0
22,8,4,0
22,5,10,0
22,6,7,0
22,10,2,0
22,9,10,0
22,5,3,0
22,8,2,0
22,7,4,0
22,7,3,0
22,8,7,0
22,10,4,0
22,3,4,1
22,2,5,0
22,7,1,0
22,6,10,1
22,7,10,0
22,8,1,0
22,2,9,0
22,6,4,0
22,9,4,0
22,6,1,0
22,8,10,0
22,10,3,0
22,6,10,0
22,8,3,0
22,1,5,0
22,6,9,0
22,8,6,0
22,5,9,0
22,6,4,1
22,5,6,0
22,7,2,0
22,3,4,0
22,1,3,0
22,1,2,0
22,6,2,0
22,2,4,0
22,8,5,0
22,9,1,1
22,2,3,0
22,5,4,0
22,6,3,0
22,8,9,0
22,1,4,0
22,10,1,0
23,9,3,0
23,9,7,0
23,9,1,0
23,9,10,1
23,7,5,0
23,4,8,0
23,10,5,0
23,7,6,0
23,2,10,0
23,9,10,0
23,3,5,0
23,2,8,0
23,7,4,0
23,7,3,0
23,7,8,0
23,4,10,0
23,4,3,1
23,2,5,0
23,7,1,0
23,10,6,1
23,7,10,0
23,8,1,0
23,9,2,0
23,4,6,0
23,9,4,0
23,6,1,0
23,10,8,0
23,3,10,0
23,10,6,0
23,3,8,0
23,5,1,0
23,9,6,0
23,6,8,0
23,9,5,0
23,4,6,1
23,6,5,0
23,7,2,0
23,3,4,0
23,3,1,0
23,2,1,0
23,2,6,0
23,2,4,0
23,8,5,0
23,9,1,1
23,2,3,0
23,4,5,0
23,3,6,0
23,9,8,0
23,4,1,0
23,10,1,0
24,9,3,0
24,7,9,0
24,9,1,0
24,10,9,1
24,7,5,0
24,8,4,0
24,10,5,0
24,6,7,0
24,10,2,0
24,10,9,0
24,5,3,0
24,8,2,0
24,7,4,0
24,7,3,0
24,8,7,0
24,10,4,0
24,3,4,1
24,2,5,0
24,7,1,0
24,6,10,1
24,10,7,0
24,8,1,0
24,2,9,0
24,6,4,0
24,9,4,0
24,6,1,0
24,8,10,0
24,10,3,0
24,6,10,0
24,8,3,0
24,1,5,0
24,6,9,0
24,8,6,0
24,9,5,0
24,6,4,1
24,6,5,0
24,7,2,0
24,3,4,0
24,1,3,0
24,2,1,0
24,2,6,0
24,2,4,0
24,8,5,0
24,9,1,1
24,2,3,0
24,5,4,0
24,6,3,0
24,8,9,0
24,1,4,0
24,10,1,0
25,9,3,0
25,7,9,0
25,9,1,0
25,10,9,1
25,7,5,0
25,8,4,0
25,10,5,0
25,6,7,0
25,10,2,0
25,10,9,0
25,5,3,0
25,2,8,0
25,7,4,0
25,7,3,0
25,7,8,0
25,10,4,0
25,3,4,1
25,2,5,0
25,7,1,0
25,6,10,1
25,7,10,0
25,8,1,0
25,9,2,0
25,6,4,0
25,9,4,0
25,6,1,0
25,8,10,0
25,10,3,0
25,6,10,0
25,8,3,0
25,5,1,0
25,6,9,0
25,8,6,0
25,9,5,0
25,6,4,1
25,6,5,0
25,2,7,0
25,3,4,0
25,3,1,0
25,2,1,0
25,6,2,0
25,2,4,0
25,8,5,0
25,9,1,1
25,2,3,0
25,5,4,0
25,6,3,0
25,8,9,0
25,1,4,0
25,10,1,0
26,9,3,0
26,7,9,0
26,9,1,0
26,10,9,1
26,7,5,0
26,8,4,0
26,10,5,0
26,6,7,0
26,10,2,0
26,10,9,0
26,5,3,0
26,8,2,0
26,7,4,0
26,7,3,0
26,8,7,0
26,10,4,0
26,4,3,1
26,2,5,0
26,7,1,0
26,6,10,1
26,10,7,0
26,8,1,0
26,2,9,0
26,6,4,0
26,9,4,0
26,6,1,0
26,10,8,0
26,10,3,0
26,10,6,0
26,8,3,0
26,5,1,0
26,6,9,0
26,6,8,0
26,9,5,0
26,6,4,1
26,6,5,0
26,2,7,0
26,4,3,0
26,1,3,0
26,2,1,0
26,6,2,0
26,2,4,0
26,8,5,0
26,9,1,1
26,2,3,0
26,5,4,0
26,6,3,0
26,8,9,0
26,1,4,0
26,10,1,0
27,3,9,0
27,7,9,0
27,9,1,0
27,9,10,1
27,7,5,0
27,4,8,0
27,5,10,0
27,7,6,0
27,2,10,0
27,9,10,0
27,3,5,0
27,2,8,0
27,4,7,0
27,7,3,0
27,7,8,0
27,4,10,0
27,4,3,1
27,2,5,0
27,7,1,0
27,6,10,1
27,7,10,0
27,8,1,0
27,2,9,0
27,6,4,0
27,4,9,0
27,6,1,0
27,10,8,0
27,3,10,0
27,10,6,0
27,3,8,0
27,5,1,0
27,9,6,0
27,6,8,0
27,9,5,0
27,4,6,1
27,5,6,0
27,2,7,0
27,4,3,0
27,3,1,0
27,2,1,0
27,2,6,0
27,2,4,0
27,5,8,0
27,9,1,1
27,3,2,0
27,4,5,0
27,3,6,0
27,9,8,0
27,4,1,0
27,1,10,0
28,3,9,0
28,7,9,0
28,1,9,0
28,10,9,1
28,5,7,0
28,8,4,0
28,5,10,0
28,6,7,0
28,10,2,0
28,10,9,0
28,5,3,0
28,8,2,0
28,7,4,0
28,3,7,0
28,8,7,0
28,10,4,0
28,4,3,1
28,5,2,0
28,1,7,0
28,6,10,1
28,10,7,0
28,1,8,0
28,2,9,0
28,6,4,0
28,4,9,0
28,1,6,0
28,8,10,0
28,10,3,0
28,6,10,0
28,8,3,0
28,5,1,0
28,6,9,0
28,6,8,0
28,5,9,0
28,6,4,1
28,5,6,0
28,2,7,0
28,4,3,0
28,1,3,0
28,1,2,0
28,6,2,0
28,4,2,0
28,5,8,0
28,1,9,1
28,3,2,0
28,5,4,0
28,6,3,0
28,8,9,0
28,1,4,0
28,1,10,0
29,9,3,0
29,7,9,0
29,1,9,0
29,9,10,1
29,7,5,0
29,8,4,0
29,5,10,0
29,6,7,0
29,10,2,0
29,9,10,0
29,5,3,0
29,8,2,0
29,7,4,0
29,7,3,0
29,8,7,0
29,10,4,0
29,3,4,1
29,5,2,0
29,1,7,0
29,6,10,1
29,7,10,0
29,8,1,0
29,9,2,0
29,6,4,0
29,4,9,0
29,1,6,0
29,8,10,0
29,3,10,0
29,6,10,0
29,8,3,0
29,1,5,0
29,6,9,0
29,8,6,0
29,5,9,0
29,6,4,1
29,5,6,0
29,7,2,0
29,3,4,0
29,1,3,0
29,1,2,0
29,6,2,0
29,2,4,0
29,8,5,0
29,1,9,1
29,3,2,0
29,5,4,0
29,6,3,0
29,8,9,0
29,1,4,0
29,1,10,0
30,9,3,0
30,9,7,0
30,1,9,0
30,9,10,1
30,5,7,0
30,4,8,0
30,5,10,0
30,7,6,0
30,10,2,0
30,10,9,0
30,3,5,0
30,2,8,0
30,7,4,0
30,3,7,0
30,7,8,0
30,4,10,0
30,4,3,1
30,2,5,0
30,7,1,0
30,10,6,1
30,10,7,0
30,1,8,0
30,9,2,0
30,6,4,0
30,6,1,0
30,10,8,0
30,10,3,0
30,10,6,0
30,8,3,0
30,1,5,0
30,6,9,0
30,6,8,0
30,5,9,0
30,6,4,1
30,6,5,0
30,2,7,0
30,4,3,0
30,3,1,0
30,2,1,0
30,2,6,0
30,4,2,0
30,8,5,0
30,1,9,1
30,2,3,0
30,4,5,0
30,3,6,0
30,8,9,0
30,1,4,0
30,1,10,0
31,9,3,0
31,7,9,0
31,1,9,0
31,9,10,1
31,5,7,0
31,4,8,0
31,10,5,0
31,7,6,0
31,2,10,0
31,9,10,0
31,3,5,0
31,2,8,0
31,7,4,0
31,7,3,0
31,7,8,0
31,10,4,0
31,4,3,1
31,2,5,0
31,7,1,0
31,6,10,1
31,7,10,0
31,8,1,0
31,2,9,0
31,6,4,0
31,4,9,0
31,6,1,0
31,10,8,0
31,10,3,0
31,6,10,0
31,8,3,0
31,5,1,0
31,6,9,0
31,6,8,0
31,9,5,0
31,6,4,1
31,6,5,0
31,2,7,0
31,4,3,0
31,3,1,0
31,2,1,0
31,2,6,0
31,2,4,0
31,8,5,0
31,9,1,1
31,2,3,0
31,4,5,0
31,6,3,0
31,8,9,0
31,4,1,0
31,10,1,0
32,9,3,0
32,7,9,0
32,9,1,0
32,9,10,1
32,7,5,0
32,8,4,0
32,10,5,0
32,6,7,0
32,2,10,0
32,9,10,0
32,5,3,0
32,8,2,0
32,7,4,0
32,7,3,0
32,8,7,0
32,10,4,0
32,3,4,1
32,2,5,0
32,7,1,0
32,6,10,1
32,7,10,0
32,8,1,0
32,9,2,0
32,6,4,0
32,9,4,0
32,6,1,0
32,8,10,0
32,10,3,0
32,6,10,0
32,8,3,0
32,1,5,0
32,6,9,0
32,8,6,0
32,9,5,0
32,6,4,1
32,6,5,0
32,7,2,0
32,3,4,0
32,1,3,0
32,2,1,0
32,6,2,0
32,2,4,0
32,8,5,0
32,9,1,1
32,2,3,0
32,5,4,0
32,8,9,0
32,1,4,0
32,10,1,0
33,3,9,0
33,9,7,0
33,1,9,0
33,10,9,1
33,5,7,0
33,8,4,0
33,10,5,0
33,6,7,0
33,10,2,0
33,10,9,0
33,5,3,0
33,8,2,0
33,4,7,0
33,3,7,0
33,8,7,0
33,10,4,0
33,4,3,1
33,5,2,0
33,1,7,0
33,10,6,1
33,10,7,0
33,1,8,0
33,9,2,0
33,6,4,0
33,4,9,0
33,6,1,0
33,10,8,0
33,10,3,0
33,10,6,0
33,8,3,0
33,5,1,0
33,6,9,0
33,6,8,0
33,5,9,0
33,4,6,1
33,5,6,0
33,2,7,0
33,4,3,0
33,1,3,0
33,1,2,0
33,6,2,0
33,4,2,0
33,5,8,0
33,1,9,1
33,2,3,0
33,5,4,0
33,6,3,0
33,8,9,0
33,1,4,0
33,10,1,0
34,9,3,0
34,9,7,0
34,9,1,0
34,10,9,1
34,7,5,0
34,8,4,0
34,10,5,0
34,6,7,0
34,10,2,0
34,10,9,0
34,5,3,0
34,8,2,0
34,4,7,0
34,7,3,0
34,8,7,0
34,10,4,0
34,4,3,1
34,7,1,0
34,10,6,1
34,10,7,0
34,8,1,0
34,2,9,0
34,6,4,0
34,6,1,0
34,10,8,0
34,10,3,0
34,10,6,0
34,8,3,0
34,1,5,0
34,9,6,0
34,6,8,0
34,9,5,0
34,6,4,1
34,6,5,0
34,2,7,0
34,4,3,0
34,1,3,0
34,1,2,0
34,6,2,0
34,2,4,0
34,8,5,0
34,9,1,1
34,2,3,0
34,4,5,0
34,6,3,0
34,8,9,0
34,1,4,0
34,10,1,0
35,9,3,0
35,9,7,0
35,9,1,0
35,9,10,1
35,7,5,0
35,10,5,0
35,7,6,0
35,2,10,0
35,9,10,0
35,3,5,0
35,2,8,0
35,7,4,0
35,7,3,0
35,7,8,0
35,10,4,0
35,4,3,1
35,2,5,0
35,7,1,0
35,10,6,1
35,10,7,0
35,8,1,0
35,9,2,0
35,6,4,0
35,9,4,0
35,6,1,0
35,10,8,0
35,10,3,0
35,10,6,0
35,8,3,0
35,5,1,0
35,9,6,0
35,6,8,0
35,9,5,0
35,6,4,1
35,2,7,0
35,4,3,0
35,3,1,0
35,2,1,0
35,2,6,0
35,2,4,0
35,8,5,0
35,9,1,1
35,2,3,0
35,4,5,0
35,6,3,0
35,9,8,0
35,4,1,0
35,10,1,0
36,9,3,0
36,7,9,0
36,9,1,0
36,10,9,1
36,7,5,0
36,8,4,0
36,10,5,0
36,6,7,0
36,10,2,0
36,10,9,0
36,5,3,0
36,8,2,0
36,7,4,0
36,7,3,0
36,8,7,0
36,10,4,0
36,3,4,1
36,2,5,0
36,7,1,0
36,6,10,1
36,7,10,0
36,8,1,0
36,2,9,0
36,6,4,0
36,9,4,0
36,6,1,0
36,8,10,0
36,10,3,0
36,6,10,0
36,8,3,0
36,1,5,0
36,6,9,0
36,6,8,0
36,9,5,0
36,6,4,1
36,6,5,0
36,7,2,0
36,3,4,0
36,3,1,0
36,2,1,0
36,6,2,0
36,2,4,0
36,8,5,0
36,9,1,1
36,2,3,0
36,5,4,0
36,6,3,0
36,8,9,0
36,1,4,0
36,10,1,0
37,9,3,0
37,9,7,0
37,9,1,0
37,10,9,1
37,5,7,0
37,4,8,0
37,10,5,0
37,6,7,0
37,10,2,0
37,9,10,0
37,3,5,0
37,2,8,0
37,4,7,0
37,3,7,0
37,8,7,0
37,4,10,0
37,3,4,1
37,5,2,0
37,1,7,0
37,10,6,1
37,10,7,0
37,1,8,0
37,9,2,0
37,4,6,0
37,4,9,0
37,1,6,0
37,10,8,0
37,3,10,0
37,10,6,0
37,3,8,0
37,5,1,0
37,9,6,0
37,6,8,0
37,9,5,0
37,4,6,1
37,5,6,0
37,2,7,0
37,4,3,0
37,3,1,0
37,1,2,0
37,6,2,0
37,4,2,0
37,5,8,0
37,9,1,1
37,3,2,0
37,5,4,0
37,3,6,0
37,9,8,0
37,4,1,0
37,10,1,0
38,9,3,0
38,7,9,0
38,9,1,0
38,10,9,1
38,7,5,0
38,8,4,0
38,10,5,0
38,6,7,0
38,2,10,0
38,10,9,0
38,5,3,0
38,8,2,0
38,7,4,0
38,7,3,0
38,8,7,0
38,10,4,0
38,3,4,1
38,2,5,0
38,7,1,0
38,6,10,1
38,7,10,0
38,8,1,0
38,2,9,0
38,6,4,0
38,9,4,0
38,6,1,0
38,8,10,0
38,10,3,0
38,6,10,0
38,8,3,0
38,5,1,0
38,6,9,0
38,6,8,0
38,9,5,0
38,6,4,1
38,6,5,0
38,7,2,0
38,3,4,0
38,1,3,0
38,2,1,0
38,6,2,0
38,2,4,0
38,8,5,0
38,9,1,1
38,2,3,0
38,5,4,0
38,6,3,0
38,8,9,0
38,1,4,0
38,10,1,0
39,9,3,0
39,7,9,0
39,9,1,0
39,10,9,1
39,7,5,0
39,8,4,0
39,10,5,0
39,6,7,0
39,2,10,0
39,10,9,0
39,5,3,0
39,8,2,0
39,7,4,0
39,7,3,0
39,8,7,0
39,10,4,0
39,4,3,1
39,2,5,0
39,7,1,0
39,6,10,1
39,7,10,0
39,8,1,0
39,2,9,0
39,6,4,0
39,9,4,0
39,6,1,0
39,8,10,0
39,10,3,0
39,6,10,0
39,8,3,0
39,5,1,0
39,6,9,0
39,6,8,0
39,9,5,0
39,6,4,1
39,6,5,0
39,2,7,0
39,4,3,0
39,1,3,0
39,2,1,0
39,6,2,0
39,2,4,0
39,8,5,0
39,9,1,1
39,2,3,0
39,5,4,0
39,6,3,0
39,8,9,0
39,1,4,0
39,10,1,0
40,9,3,0
40,7,9,0
40,9,1,0
40,10,9,1
40,7,5,0
40,8,4,0
40,10,5,0
40,6,7,0
40,2,10,0
40,10,9,0
40,3,5,0
40,8,2,0
40,7,4,0
40,7,3,0
40,7,8,0
40,10,4,0
40,4,3,1
40,2,5,0
40,7,1,0
40,6,10,1
40,7,10,0
40,8,1,0
40,2,9,0
40,6,4,0
40,9,4,0
40,6,1,0
40,8,10,0
40,10,3,0
40,6,10,0
40,8,3,0
40,5,1,0
40,6,9,0
40,6,8,0
40,9,5,0
40,6,4,1
40,6,5,0
40,2,7,0
40,4,3,0
40,1,3,0
40,2,1,0
40,2,6,0
40,2,4,0
40,8,5,0
40,9,1,1
40,2,3,0
40,5,4,0
40,6,3,0
40,8,9,0
40,4,1,0
40,10,1,0
41,9,3,0
41,7,9,0
41,9,1,0
41,9,10,1
41,7,5,0
41,8,4,0
41,5,10,0
41,7,6,0
41,10,2,0
41,9,10,0
41,5,3,0
41,8,2,0
41,7,4,0
41,7,3,0
41,8,7,0
41,10,4,0
41,3,4,1
41,5,2,0
41,7,1,0
41,6,10,1
41,7,10,0
41,8,1,0
41,9,2,0
41,6,4,0
41,9,4,0
41,6,1,0
41,8,10,0
41,10,3,0
41,6,10,0
41,8,3,0
41,1,5,0
41,6,9,0
41,8,6,0
41,9,5,0
41,6,4,1
41,6,5,0
41,7,2,0
41,3,4,0
41,3,1,0
41,2,1,0
41,6,2,0
41,2,4,0
41,8,5,0
41,9,1,1
41,2,3,0
41,5,4,0
41,6,3,0
41,9,8,0
41,1,4,0
41,10,1,0
42,9,3,0
42,7,9,0
42,1,9,0
42,10,9,1
42,5,7,0
42,8,4,0
42,10,5,0
42,6,7,0
42,10,2,0
42,10,9,0
42,5,3,0
42,8,2,0
42,7,4,0
42,7,3,0
42,8,7,0
42,10,4,0
42,3,4,1
42,5,2,0
42,1,7,0
42,6,10,1
42,10,7,0
42,8,1,0
42,9,2,0
42,6,4,0
42,9,4,0
42,6,1,0
42,8,10,0
42,10,3,0
42,6,10,0
42,8,3,0
42,5,1,0
42,6,9,0
42,6,8,0
42,5,9,0
42,6,4,1
42,6,5,0
42,7,2,0
42,3,4,0
42,1,3,0
42,1,2,0
42,6,2,0
42,2,4,0
42,8,5,0
42,1,9,1
42,2,3,0
42,5,4,0
42,6,3,0
42,8,9,0
42,1,4,0
42,10,1,0
43,9,3,0
43,7,9,0
43,9,1,0
43,9,10,1
43,7,5,0
43,8,4,0
43,10,5,0
43,7,6,0
43,2,10,0
43,9,10,0
43,3,5,0
43,2,8,0
43,7,4,0
43,7,3,0
43,7,8,0
43,10,4,0
43,4,3,1
43,2,5,0
43,7,1,0
43,6,10,1
43,7,10,0
43,8,1,0
43,2,9,0
43,6,4,0
43,9,4,0
43,6,1,0
43,8,10,0
43,10,3,0
43,6,10,0
43,8,3,0
43,5,1,0
43,6,9,0
43,6,8,0
43,9,5,0
43,6,4,1
43,6,5,0
43,2,7,0
43,4,3,0
43,3,1,0
43,2,1,0
43,2,6,0
43,2,4,0
43,8,5,0
43,9,1,1
43,2,3,0
43,4,5,0
43,6,3,0
43,8,9,0
43,4,1,0
43,10,1,0
44,3,9,0
44,9,7,0
44,9,1,0
44,10,9,1
44,5,7,0
44,4,8,0
44,10,5,0
44,7,6,0
44,10,2,0
44,10,9,0
44,3,5,0
44,2,8,0
44,4,7,0
44,3,7,0
44,7,8,0
44,4,10,0
44,4,3,1
44,5,2,0
44,1,7,0
44,10,6,1
44,10,7,0
44,1,8,0
44,9,2,0
44,4,6,0
44,4,9,0
44,1,6,0
44,10,8,0
44,3,10,0
44,10,6,0
44,3,8,0
44,5,1,0
44,9,6,0
44,6,8,0
44,9,5,0
44,4,6,1
44,5,6,0
44,2,7,0
44,3,4,0
44,3,1,0
44,2,1,0
44,2,6,0
44,4,2,0
44,5,8,0
44,9,1,1
44,3,2,0
44,4,5,0
44,3,6,0
44,9,8,0
44,4,1,0
44,10,1,0
45,3,9,0
45,9,7,0
45,1,9,0
45,10,9,1
45,5,7,0
45,8,4,0
45,10,5,0
45,10,2,0
45,10,9,0
45,5,3,0
45,8,2,0
45,4,7,0
45,3,7,0
45,8,7,0
45,10,4,0
45,4,3,1
45,5,2,0
45,1,7,0
45,10,6,1
45,1,8,0
45,2,9,0
45,6,4,0
45,4,9,0
45,6,1,0
45,10,8,0
45,10,3,0
45,10,6,0
45,5,1,0
45,6,9,0
45,6,8,0
45,5,9,0
45,6,4,1
45,6,5,0
45,2,7,0
45,4,3,0
45,1,3,0
45,1,2,0
45,6,2,0
45,5,8,0
45,1,9,1
45,3,2,0
45,5,4,0
45,6,3,0
45,8,9,0
45,1,4,0
45,10,1,0
46,3,9,0
46,7,9,0
46,9,1,0
46,10,9,1
46,7,5,0
46,4,8,0
46,10,5,0
46,7,6,0
46,2,10,0
46,10,9,0
46,3,5,0
46,2,8,0
46,7,4,0
46,7,3,0
46,7,8,0
46,4,10,0
46,4,3,1
46,2,5,0
46,7,1,0
46,6,10,1
46,7,10,0
46,8,1,0
46,2,9,0
46,4,6,0
46,4,9,0
46,6,1,0
46,10,8,0
46,3,10,0
46,10,6,0
46,3,8,0
46,5,1,0
46,6,9,0
46,6,8,0
46,5,9,0
46,6,4,1
46,6,5,0
46,2,7,0
46,4,3,0
46,3,1,0
46,2,1,0
46,2,6,0
46,2,4,0
46,8,5,0
46,9,1,1
46,2,3,0
46,4,5,0
46,6,3,0
46,8,9,0
46,4,1,0
46,10,1,0
47,3,9,0
47,9,7,0
47,9,1,0
47,9,10,1
47,7,5,0
47,4,8,0
47,10,5,0
47,7,6,0
47,2,10,0
47,9,10,0
47,3,5,0
47,2,8,0
47,7,4,0
47,7,3,0
47,7,8,0
47,4,10,0
47,3,4,1
47,2,5,0
47,7,1,0
47,6,10,1
47,7,10,0
47,8,1,0
47,2,9,0
47,4,6,0
47,9,4,0
47,6,1,0
47,8,10,0
47,10,3,0
47,6,10,0
47,3,8,0
47,5,1,0
47,9,6,0
47,6,8,0
47,9,5,0
47,6,4,1
47,6,5,0
47,7,2,0
47,3,4,0
47,3,1,0
47,2,1,0
47,2,6,0
47,2,4,0
47,8,5,0
47,9,1,1
47,2,3,0
47,4,5,0
47,6,3,0
47,9,8,0
47,4,1,0
47,10,1,0
48,3,9,0
48,7,9,0
48,9,1,0
48,10,9,1
48,5,7,0
48,8,4,0
48,10,5,0
48,6,7,0
48,2,10,0
48,10,9,0
48,5,3,0
48,8,2,0
48,7,4,0
48,7,3,0
48,8,7,0
48,10,4,0
48,4,3,1
48,2,5,0
48,7,1,0
48,6,10,1
48,7,10,0
48,8,1,0
48,2,9,0
48,6,4,0
48,9,4,0
48,6,1,0
48,8,10,0
48,10,3,0
48,6,10,0
48,8,3,0
48,6,9,0
48,6,8,0
48,5,9,0
48,6,4,1
48,2,7,0
48,4,3,0
48,1,3,0
48,2,1,0
48,6,2,0
48,2,4,0
48,8,5,0
48,9,1,1
48,2,3,0
48,5,4,0
48,6,3,0
48,8,9,0
48,1,4,0
48,10,1,0
49,3,9,0
49,9,7,0
49,1,9,0
49,10,9,1
49,5,7,0
49,4,8,0
49,5,10,0
49,6,7,0
49,2,10,0
49,10,9,0
49,3,5,0
49,2,8,0
49,4,7,0
49,3,7,0
49,7,8,0
49,4,10,0
49,3,4,1
49,5,2,0
49,7,1,0
49,10,6,1
49,10,7,0
49,1,8,0
49,2,9,0
49,4,6,0
49,4,9,0
49,1,6,0
49,10,8,0
49,3,10,0
49,10,6,0
49,3,8,0
49,5,1,0
49,6,9,0
49,6,8,0
49,5,9,0
49,4,6,1
49,5,6,0
49,2,7,0
49,4,3,0
49,3,1,0
49,1,2,0
49,2,6,0
49,4,2,0
49,5,8,0
49,1,9,1
49,3,2,0
49,4,5,0
49,3,6,0
49,9,8,0
49,4,1,0
49,1,10,0
50,9,3,0
50,7,9,0
50,9,1,0
50,10,9,1
50,7,5,0
50,8,4,0
50,6,7,0
50,10,2,0
50,10,9,0
50,5,3,0
50,8,2,0
50,7,4,0
50,7,3,0
50,8,7,0
50,10,4,0
50,2,5,0
50,7,1,0
50,6,10,1
50,10,7,0
50,8,1,0
50,2,9,0
50,6,4,0
50,9,4,0
50,6,1,0
50,8,3,0
50,5,1,0
50,6,9,0
50,6,4,1
50,6,5,0
50,7,2,0
50,3,4,0
50,1,3,0
50,1,2,0
50,6,2,0
50,2,4,0
50,8,5,0
50,9,1,1
50,2,3,0
50,5,4,0
50,6,3,0
50,8,9,0
50,1,4,0
50,10,1,0
51,9,3,0
51,7,9,0
51,9,1,0
51,10,9,1
51,7,5,0
51,4,8,0
51,10,5,0
51,6,7,0
51,2,10,0
51,10,9,0
51,5,3,0
51,2,8,0
51,4,7,0
51,7,3,0
51,7,8,0
51,4,10,0
51,4,3,1
51,2,5,0
51,7,1,0
51,10,6,1
51,10,7,0
51,8,1,0
51,2,9,0
51,4,6,0
51,4,9,0
51,6,1,0
51,10,8,0
51,10,3,0
51,10,6,0
51,8,3,0
51,5,1,0
51,6,9,0
51,6,8,0
51,5,9,0
51,4,6,1
51,6,5,0
51,2,7,0
51,4,3,0
51,3,1,0
51,2,1,0
51,2,6,0
51,2,4,0
51,5,8,0
51,9,1,1
51,2,3,0
51,4,5,0
51,6,3,0
51,9,8,0
51,4,1,0
51,10,1,0
52,9,3,0
52,9,7,0
52,9,1,0
52,9,10,1
52,7,5,0
52,8,4,0
52,10,5,0
52,7,6,0
52,2,10,0
52,9,10,0
52,3,5,0
52,2,8,0
52,7,4,0
52,7,3,0
52,7,8,0
52,10,4,0
52,4,3,1
52,2,5,0
52,7,1,0
52,10,6,1
52,7,10,0
52,8,1,0
52,9,2,0
52,6,4,0
52,9,4,0
52,6,1,0
52,10,8,0
52,10,3,0
52,10,6,0
52,8,3,0
52,5,1,0
52,9,6,0
52,6,8,0
52,9,5,0
52,6,4,1
52,6,5,0
52,2,7,0
52,4,3,0
52,3,1,0
52,2,1,0
52,2,6,0
52,2,4,0
52,8,5,0
52,9,1,1
52,2,3,0
52,4,5,0
52,6,3,0
52,9,8,0
52,4,1,0
52,10,1,0
53,3,9,0
53,7,9,0
53,1,9,0
53,10,9,1
53,7,5,0
53,8,4,0
53,5,10,0
53,6,7,0
53,2,10,0
53,10,9,0
53,5,3,0
53,2,8,0
53,7,4,0
53,7,3,0
53,7,8,0
53,10,4,0
53,3,4,1
53,2,5,0
53,7,1,0
53,6,10,1
53,7,10,0
53,8,1,0
53,2,9,0
53,6,4,0
53,9,4,0
53,6,1,0
53,8,10,0
53,10,3,0
53,6,10,0
53,8,3,0
53,5,1,0
53,6,9,0
53,6,8,0
53,5,9,0
53,6,4,1
53,6,5,0
53,2,7,0
53,4,3,0
53,1,3,0
53,2,1,0
53,2,6,0
53,2,4,0
53,8,5,0
53,1,9,1
53,2,3,0
53,5,4,0
53,6,3,0
53,8,9,0
53,1,4,0
53,10,1,0
54,9,3,0
54,7,9,0
54,9,1,0
54,9,10,1
54,7,5,0
54,8,4,0
54,10,5,0
54,7,6,0
54,2,10,0
54,9,10,0
54,5,3,0
54,8,2,0
54,7,4,0
54,7,3,0
54,7,8,0
54,10,4,0
54,2,5,0
54,7,1,0
54,6,10,1
54,7,10,0
54,8,1,0
54,2,9,0
54,6,4,0
54,4,9,0
54,1,6,0
54,8,10,0
54,3,10,0
54,6,10,0
54,8,3,0
54,1,5,0
54,6,9,0
54,6,8,0
54,5,9,0
54,6,4,1
54,6,5,0
54,2,7,0
54,4,3,0
54,1,3,0
54,2,1,0
54,6,2,0
54,2,4,0
54,8,5,0
54,9,1,1
54,3,2,0
54,5,4,0
54,6,3,0
54,8,9,0
54,1,4,0
54,1,10,0
55,9,3,0
55,7,9,0
55,9,1,0
55,10,9,1
55,7,5,0
55,8,4,0
55,10,5,0
55,6,7,0
55,10,2,0
55,10,9,0
55,5,3,0
55,8,2,0
55,7,4,0
55,7,3,0
55,8,7,0
55,10,4,0
55,3,4,1
55,2,5,0
55,7,1,0
55,6,10,1
55,10,7,0
55,8,1,0
55,2,9,0
55,6,4,0
55,9,4,0
55,6,1,0
55,8,10,0
55,10,3,0
55,6,10,0
55,8,3,0
55,1,5,0
55,6,9,0
55,8,6,0
55,9,5,0
55,6,4,1
55,6,5,0
55,7,2,0
55,3,4,0
55,1,3,0
55,2,1,0
55,6,2,0
55,2,4,0
55,8,5,0
55,9,1,1
55,2,3,0
55,5,4,0
55,6,3,0
55,8,9,0
55,1,4,0
55,10,1,0
56,9,3,0
56,7,9,0
56,1,9,0
56,10,9,1
56,7,5,0
56,8,4,0
56,5,10,0
56,7,6,0
56,2,10,0
56,10,9,0
56,5,3,0
56,8,2,0
56,7,4,0
56,7,3,0
56,8,7,0
56,10,4,0
56,3,4,1
56,2,5,0
56,7,1,0
56,6,10,1
56,7,10,0
56,8,1,0
56,2,9,0
56,6,4,0
56,9,4,0
56,6,1,0
56,8,10,0
56,10,3,0
56,6,10,0
56,8,3,0
56,1,5,0
56,6,9,0
56,8,6,0
56,5,9,0
56,6,4,1
56,6,5,0
56,2,7,0
56,3,4,0
56,1,3,0
56,1,2,0
56,6,2,0
56,2,4,0
56,8,5,0
56,1,9,1
56,2,3,0
56,5,4,0
56,6,3,0
56,8,9,0
56,1,4,0
56,1,10,0
57,3,9,0
57,9,7,0
57,1,9,0
57,10,9,1
57,5,7,0
57,4,8,0
57,5,10,0
57,6,7,0
57,10,2,0
57,10,9,0
57,5,3,0
57,8,2,0
57,4,7,0
57,3,7,0
57,8,7,0
57,10,4,0
57,4,3,1
57,5,2,0
57,1,7,0
57,10,6,1
57,10,7,0
57,1,8,0
57,9,2,0
57,4,6,0
57,9,4,0
57,1,6,0
57,10,8,0
57,10,3,0
57,10,6,0
57,3,8,0
57,5,1,0
57,9,6,0
57,6,8,0
57,5,9,0
57,4,6,1
57,5,6,0
57,2,7,0
57,4,3,0
57,1,3,0
57,1,2,0
57,4,2,0
57,5,8,0
57,1,9,1
57,3,2,0
57,5,4,0
57,3,6,0
57,9,8,0
57,1,4,0
57,10,1,0
58,3,9,0
58,9,7,0
58,9,1,0
58,10,9,1
58,7,5,0
58,4,8,0
58,10,5,0
58,6,7,0
58,10,2,0
58,10,9,0
58,3,5,0
58,2,8,0
58,7,4,0
58,7,3,0
58,7,8,0
58,10,4,0
58,4,3,1
58,2,5,0
58,7,1,0
58,10,6,1
58,7,10,0
58,8,1,0
58,9,2,0
58,4,6,0
58,9,4,0
58,1,6,0
58,10,8,0
58,10,3,0
58,10,6,0
58,8,3,0
58,1,5,0
58,9,6,0
58,8,6,0
58,9,5,0
58,6,4,1
58,6,5,0
58,7,2,0
58,3,4,0
58,3,1,0
58,1,2,0
58,6,2,0
58,2,4,0
58,8,5,0
58,9,1,1
58,3,2,0
58,5,4,0
58,3,6,0
58,4,1,0
58,10,1,0
59,3,9,0
59,7,9,0
59,10,9,1
59,7,5,0
59,4,8,0
59,10,5,0
59,6,7,0
59,2,10,0
59,10,9,0
59,3,5,0
59,2,8,0
59,4,7,0
59,3,7,0
59,7,8,0
59,4,10,0
59,4,3,1
59,2,5,0
59,7,1,0
59,10,6,1
59,10,7,0
59,1,8,0
59,2,9,0
59,4,6,0
59,4,9,0
59,6,1,0
59,10,8,0
59,10,3,0
59,10,6,0
59,3,8,0
59,5,1,0
59,9,6,0
59,6,8,0
59,5,9,0
59,4,6,1
59,6,5,0
59,2,7,0
59,4,3,0
59,3,1,0
59,1,2,0
59,2,6,0
59,4,2,0
59,5,8,0
59,9,1,1
59,2,3,0
59,4,5,0
59,3,6,0
59,9,8,0
59,4,1,0
59,10,1,0
60,3,9,0
60,7,9,0
60,1,9,0
60,10,9,1
60,5,7,0
60,8,4,0
60,10,5,0
60,6,7,0
60,10,2,0
60,10,9,0
60,5,3,0
60,8,2,0
60,4,7,0
60,8,7,0
60,10,4,0
60,4,3,1
60,5,2,0
60,1,7,0
60,10,6,1
60,10,7,0
60,1,8,0
60,2,9,0
60,6,4,0
60,4,9,0
60,6,1,0
60,8,10,0
60,10,3,0
60,6,10,0
60,8,3,0
60,5,1,0
60,6,9,0
60,6,8,0
60,5,9,0
60,6,4,1
60,5,6,0
60,2,7,0
60,4,3,0
60,1,3,0
60,1,2,0
60,6,2,0
60,4,2,0
60,5,8,0
60,1,9,1
60,2,3,0
60,5,4,0
60,6,3,0
60,8,9,0
60,1,4,0
60,1,10,0